{"cameraMode":{"drawMode":0,"name":"Shaded","section":"Shading Mode"},"sceneLighting":false,"audioPlay":false,"sceneViewState":{"showFog":false,"showMaterialUpdate":false,"showSkybox":false,"showFlares":false,"showImageEffects":false,"showParticleSystems":false},"in2DMode":false,"pivot":{"x":-2.190603256225586,"y":0.7643066644668579,"z":-0.05151373893022537},"rotation":{"x":0.1302666962146759,"y":0.43437477946281435,"z":-0.06365004181861878,"w":0.8889877200126648},"size":1.5435950756072999,"orthographic":true}