{"cameraMode":{"drawMode":0,"name":"Shaded","section":"Shading Mode"},"sceneLighting":true,"audioPlay":false,"sceneViewState":{"showFog":false,"showMaterialUpdate":false,"showSkybox":false,"showFlares":false,"showImageEffects":false,"showParticleSystems":false},"in2DMode":false,"pivot":{"x":31.22979164123535,"y":4.611541271209717,"z":32.571739196777347},"rotation":{"x":0.1019364520907402,"y":0.735927164554596,"z":-0.11371217668056488,"w":0.6596505641937256},"size":6.407036781311035,"orthographic":false}